customer_id,name,country,gender,date_of_birth,account_creation_date
1,Robert Bohm,Austria,male,30/07/1980,02/09/2018
2,Wolfgang Ackermann,Austria,male,17/11/1971,15/10/2018
3,Daniela Herzog,Austria,female,07/08/1974,14/02/2019
4,Julia Jung,Austria,female,04/01/1991,22/11/2017
5,Juliane Kirsch,Austria,female,01/03/1977,16/12/2018
6,Rowanne Couperus,Belgium,female,05/04/1994,26/08/2018
7,Annelous Sneep,Belgium,female,14/11/1993,12/05/2018
8,JaÃ«la van den Dolder,Belgium,female,31/08/1990,08/02/2018
9,Antal van Looij,Belgium,male,18/06/1982,10/03/2019
10,Arnout Veenhuis,Belgium,male,26/07/1984,28/01/2017
11,Yakup Mes,Belgium,male,28/04/1978,19/02/2019
12,Kristine J. Lauritsen,Denmark,female,14/01/1994,02/12/2018
13,Thomas T. Nissen,Denmark,male,25/09/1975,30/04/2017
14,Niels M. Holm,Denmark,male,29/12/1991,26/01/2018
15,Jasmin M. Krogh,Denmark,female,12/11/1977,20/06/2018
16,Sofia J. Pedersen,Denmark,female,27/05/1990,02/10/2018
17,Ida E. Gregersen,Denmark,female,15/09/1998,07/02/2018
18,Nikolaj L. Jensen,Denmark,male,03/06/1995,14/01/2019
19,Avelaine Piedalue,France,female,14/04/1972,13/01/2017
20,Jacqueline Cloutier,France,female,30/09/1990,03/11/2018
21,Avelaine Corbeil,France,female,17/03/1986,11/06/2017
22,Delit Perillard,France,female,10/01/1970,18/11/2018
23,Fleurette Pomerleau,France,female,10/12/1981,04/09/2017
24,Christien Tachel,France,male,26/06/1991,21/09/2018
25,Fiacre Montminy,France,male,01/08/1973,29/03/2017
26,Marcel Sicard,France,male,06/08/1988,20/01/2017
27,Perrin Patel,France,male,30/10/1994,20/12/2018
28,Sidney GÃ©nÃ©reux,France,male,01/12/1980,04/02/2017
29,Loyal Arcouet,France,male,13/08/1995,30/10/2017
30,Gradasso Mousseau,France,male,11/07/1976,10/10/2017
31,Christien D'AubignÃ©,France,male,06/11/1986,13/02/2018
32,Hayden O'Donnell,Great Britan,male,07/11/1991,20/11/2017
33,Oliver Fleming,Great Britan,male,04/03/1981,22/02/2018
34,Oscar Stanley,Great Britan,male,01/12/1993,31/03/2017
35,Harvey Jarvis,Great Britan,male,16/01/1990,22/05/2017
36,Jacob Hope,Great Britan,male,27/08/1979,24/06/2018
37,Sienna Forster,Great Britan,female,16/12/1984,09/12/2018
38,Millie Marsden,Great Britan,female,02/07/1974,06/11/2017
39,Amy Haynes,Great Britan,female,28/07/1975,19/01/2018
40,Matilda Connor,Great Britan,female,18/12/1990,18/01/2019
41,Zara Mitchell,Great Britan,female,08/07/1994,12/06/2017
42,TakÃ¡ts Agoti,Hungary,female,07/07/1992,08/11/2018
43,SzÃ´llÃ´s Erzebet,Hungary,female,04/09/1995,17/08/2018
44,Lakatos MÃ¡ria,Hungary,female,28/11/1994,12/08/2018
45,Vargha Ivett,Hungary,female,27/11/1998,09/08/2017
46,SÃ¶rÃ¶ss Ema,Hungary,female,13/03/1984,26/06/2017
47,KÃ¡llai SÃ³lyom,Hungary,male,29/10/1983,18/10/2018
48,Mayer KÃ¡roly,Hungary,male,02/06/1991,26/02/2019
49,Havasy Kristof,Hungary,male,13/06/1998,18/01/2017
50,CsordÃ¡s Ãrmin,Hungary,male,30/11/1986,23/04/2018
51,SÃ¡ghy Sebes,Hungary,male,04/01/1976,15/03/2017
52,Szepessi Marton,Hungary,male,14/03/1983,24/03/2018
53,Teresio Panicucci,Italy,male,21/07/1999,06/11/2018
54,Demetrio Palermo,Italy,male,10/10/1997,17/10/2018
55,Facino Milano,Italy,male,23/05/1973,02/01/2018
56,Dionisio Li Fonti,Italy,male,11/01/1998,12/02/2019
57,Mario Lettiere,Italy,male,04/05/1975,30/01/2018
58,Rocco Buccho,Italy,male,03/07/1999,27/02/2018
59,Cristoforo Mancini,Italy,male,05/06/1980,12/01/2018
60,Gloria Folliero,Italy,female,09/03/1972,24/10/2018
61,Nella Manfrin,Italy,female,11/01/1974,14/05/2017
62,Gina Lucciano,Italy,female,29/11/1985,22/05/2018
63,Candida Padovano,Italy,female,21/03/1976,13/10/2018
64,Dalia Lucciano,Italy,female,18/09/1972,20/09/2018
65,Vittoria Bellucci,Italy,female,02/04/1978,09/04/2017
66,Filippa Toscani,Italy,female,23/04/1981,28/02/2017
67,Dora Milanesi,Italy,female,19/04/1998,22/11/2018
68,Irma Siciliani,Italy,female,20/01/1980,18/02/2019
69,Violetta Pagnotto,Italy,female,04/05/1999,23/12/2018
70,Annabella Endrizzi,Italy,female,31/07/1971,10/05/2018
71,Donata Bellucci,Italy,female,02/04/1981,23/11/2017
72,Macaria Onio,Italy,female,20/04/1997,07/09/2017
73,Veneranda Milani,Italy,female,15/01/1983,15/01/2018
74,Fausto Sabbatini,Italy,male,23/01/1978,16/03/2018
75,Luca Pinto,Italy,male,04/02/1971,09/03/2019
76,Michelino Barese,Italy,male,22/04/1986,06/10/2017
77,Nunzio Milanesi,Italy,male,06/04/1972,27/04/2018
78,Doroteo Napolitano,Italy,male,01/06/1992,27/07/2017
79,Quarantino Barese,Italy,male,29/11/1978,27/09/2017
80,Tymoteusz Nowak,Poland,male,27/07/1983,17/11/2018
81,Jarek Tomaszewski,Poland,male,30/11/1972,01/11/2018
82,Dobrogost Nowakowski,Poland,male,14/08/1993,21/02/2018
83,Marek Zawadzki,Poland,male,21/11/1995,01/04/2019
84,Maksym Wojciechowski,Poland,male,23/11/1992,15/08/2018
85,Teofil SzczepaÅ„ski,Poland,male,25/02/1979,14/10/2018
86,Albin Jaworski,Poland,male,01/05/1984,15/12/2017
87,Frydryk Wieczorek,Poland,male,17/11/1996,01/06/2017
88,Bazyli Kalinowski,Poland,male,07/03/1973,26/07/2018
89,Klementyna Borkowska,Poland,female,10/05/1975,03/03/2017
90,Zosia Adamczyk,Poland,female,31/12/1988,13/01/2019
91,Ewa Zawadzka,Poland,female,13/07/1988,05/01/2018
92,Honorata Nowak,Poland,female,02/05/1986,21/09/2017
93,Ivi BoÅ¡kan,Slovenia,female,12/08/1997,19/04/2017
94,Seima AndreÄ,Slovenia,female,19/11/1989,08/04/2017
95,Darija Pokec,Slovenia,female,28/01/1992,31/05/2017
96,Cvijeta Hervatski,Slovenia,female,15/07/1981,19/09/2018
97,Å ida ÄŒrnÄiÄ,Slovenia,female,21/08/1978,18/06/2017
98,Nesiha Tomat,Slovenia,female,07/07/1977,22/09/2017
99,Majdi Rozin,Slovenia,female,12/09/1996,31/01/2017
100,TonÄek Bolje,Slovenia,male,14/12/1992,20/02/2018
101,Tunjo KrliÄeviÄ‡,Slovenia,male,29/10/1994,23/03/2019
102,JaÅ¡a Zorzut,Slovenia,male,06/10/1984,15/07/2018
103,Seljim Runovec,Slovenia,male,12/01/1982,12/08/2017
104,Dimitri Zambrano Morales,Spain,male,21/06/1992,12/04/2017
105,Micael Cardona Razo,Spain,male,04/12/1989,10/09/2017
106,Jenofonte Gaona Mireles,Spain,male,18/12/1998,21/12/2017
107,Filippo Segovia Muro,Spain,male,29/12/1996,12/02/2018
108,SaÃºl Tafoya Meraz,Spain,male,15/05/1992,13/03/2017
109,Zohar Malave Ornelas,Spain,male,22/10/1979,22/07/2018
110,Ann Guajardo MÃ©ndez,Spain,female,17/07/1998,31/10/2017
111,Quirina Alcaraz SÃ¡nchez,Spain,female,05/11/1980,17/06/2017
112,ExaltaciÃ³n Herrera Ceja,Spain,female,20/11/1979,15/10/2017
113,Lucy Centeno Barrios,Spain,female,03/11/1970,13/06/2017
114,Canela Gaona Lozano,Spain,female,01/04/1997,14/02/2017
115,Merlin RolÃ³n Badillo,Spain,female,14/10/1977,21/02/2019
116,Maciela Casillas Peralta,Spain,female,30/03/1991,10/12/2017
117,Moira Jurado Paez,Spain,female,30/01/1996,09/11/2018
118,Digna Mateo Carrasquill,Spain,female,01/11/1978,24/11/2017
119,Lisa Ibarra Valadez,Spain,female,08/12/1998,06/03/2019
120,Robin J. Himes,USA,male,30/11/1988,06/08/2018
121,Annie R. Barnett,USA,female,02/03/1987,13/09/2017
122,Thelma B. Coward,USA,female,15/04/1971,27/11/2018
123,Andrew J. Ramos,USA,male,11/03/1994,30/12/2018
